ac11c0d5-e45b-46c1-9b01-916d36ee5701,7c66b81e-ef1d-4c1a-8847-b92f8293466b,77825645-c1a5-4c73-a76c-e56e840bc490,669a960d-bb33-4d34-bb1a-ae8b101e5895,e031ddb6-2c10-4b5a-ab82-2be9e0346321,d6f5c8a6-31bf-4f79-8091-379e7e2afcb9,b4ec2358-a6a0-4a3a-8c1e-1988b32b28a3,02fcfa17-03c7-421b-98b5-9f40f1f971cc,c63e46cf-ba72-4683-a311-319c18356ecd,dab685d9-c124-4cee-a7d4-5873c3157447
7fe73661-e948-4b69-99bb-b5ffb86cdfe4,5e41341c-aa14-4347-83c9-9202addac97d,18114bcc-b21b-44e2-819b-56a84b64c2ed,67083e98-2811-440f-bf06-075542ff24c1,77825645-c1a5-4c73-a76c-e56e840bc490,079965ba-8b88-4f7f-abec-5d75377298f3,354ea76e-4f32-4f00-9e4c-ac3a5659af27,9d697062-0e78-41fd-8670-20f0eca805d3,f4d76ba2-5c6a-4516-b488-1234a2755660,689d2091-4329-4455-ac70-67afb849b6d9,362748f3-ece7-4b70-8e5d-2025f5acae41,8d810579-997c-497c-a80e-d6e37b48f081,e4b97946-55e2-4003-a077-a5387f723b3a,9247635d-53f9-4231-a4ad-d386bee69f0f,8307e49e-946c-4ee0-b04b-e80e37296fcc,727252b8-2f6d-4404-b96f-ad769a4f181c,c301d45a-90e9-4b4e-8cd0-1b04939e7bf5,c9b9087f-fadc-4bc1-8b36-b481665e5107,669a960d-bb33-4d34-bb1a-ae8b101e5895,1958e759-17f3-4434-8b56-6dc692b4c42f,d6f5c8a6-31bf-4f79-8091-379e7e2afcb9,109a2766-580e-4cf9-9724-38dd25feedd2,dab685d9-c124-4cee-a7d4-5873c3157447
974f063d-85b0-4dca-993c-12f7a41bef23,e7efd4f8-31f3-44f0-8874-12519f39547c,a95964f6-fe1a-4ef8-8182-5fcf5d65c839,8307e49e-946c-4ee0-b04b-e80e37296fcc,9247635d-53f9-4231-a4ad-d386bee69f0f,5e41341c-aa14-4347-83c9-9202addac97d,c102c13f-a593-407e-90a3-cc198db7ddfb,a8d4d47a-0ed1-4ef8-9e31-fd52991c1eee,faff5e95-3c10-4d6c-8717-dcfe088dc2f6,120eb6ac-df37-430d-b019-72d108272dc7,d6f5c8a6-31bf-4f79-8091-379e7e2afcb9,9ee26459-dded-480f-99d8-6fae5708e1eb,c301d45a-90e9-4b4e-8cd0-1b04939e7bf5,7a91a7da-ea18-4131-8d31-d2449bd0c8e5
e83ed784-82cd-4f94-b22c-b21a06fb0ecb,da567a9b-442a-4ffc-9c7b-e905e10bcba4,109a2766-580e-4cf9-9724-38dd25feedd2,d6f5c8a6-31bf-4f79-8091-379e7e2afcb9,02fcfa17-03c7-421b-98b5-9f40f1f971cc,9ee26459-dded-480f-99d8-6fae5708e1eb
7fa0f19d-6fab-4020-9390-f594c8a0bf9e,d54bbb0c-609a-483c-adf9-f10f1f07411a,77825645-c1a5-4c73-a76c-e56e840bc490,fe6c9179-b653-4185-b04c-e2445c091fe4,362748f3-ece7-4b70-8e5d-2025f5acae41,08b72d2a-e528-4675-81e2-e0a13e8c0f0e,9247635d-53f9-4231-a4ad-d386bee69f0f,b4ec2358-a6a0-4a3a-8c1e-1988b32b28a3,d6f5c8a6-31bf-4f79-8091-379e7e2afcb9,c301d45a-90e9-4b4e-8cd0-1b04939e7bf5,c7421950-05d8-426d-8ef7-5787b6bb4e02,c63e46cf-ba72-4683-a311-319c18356ecd
6c15ae3a-45d3-48b7-81d0-f0d8b2d52e13,02d87226-749e-4577-8101-f7f864a9121c,ee955584-68ee-4c70-bb75-4a24317222aa,2c78d28b-4aa0-4518-8134-81a5ea2a14b4,7c66b81e-ef1d-4c1a-8847-b92f8293466b,9ece6624-b4c6-4a14-819e-6ef1451c0a4e,c102c13f-a593-407e-90a3-cc198db7ddfb,8181bd2f-3f33-4200-b9af-224a8b8dd537,a3f3197c-904b-40bd-9aed-33a3d2d9a1ab,44b53c27-9cec-4986-b0a8-4cd5da83e5e8,7a91a7da-ea18-4131-8d31-d2449bd0c8e5,1958e759-17f3-4434-8b56-6dc692b4c42f
cff8462c-a08a-4684-83a3-21b3f9465a3b,0e7b1fe6-002a-4cab-b07b-0d5ea92c1778,7c66b81e-ef1d-4c1a-8847-b92f8293466b,ecdcb4fc-df03-4753-adde-0e6088fd67f9,33fb1f35-bb05-4f68-ae69-2125b083a1b9,d7896727-5aa4-4e87-8076-f36112e8e0da,7c15199c-f990-4c21-a682-aa5f2e4c4b05,8181bd2f-3f33-4200-b9af-224a8b8dd537,e4b97946-55e2-4003-a077-a5387f723b3a,c63e46cf-ba72-4683-a311-319c18356ecd,c9b9087f-fadc-4bc1-8b36-b481665e5107,b4ec2358-a6a0-4a3a-8c1e-1988b32b28a3,c7421950-05d8-426d-8ef7-5787b6bb4e02
de520c84-61ab-4c64-84ad-f4a76f094400,2c78d28b-4aa0-4518-8134-81a5ea2a14b4,e3d0291b-1463-4336-9cd2-d2102d98f6d9,c413dcf8-bcc5-4e8c-85ef-6fea73ba4099,5e41341c-aa14-4347-83c9-9202addac97d,cbb5c524-8dc2-45ce-9d17-32504375889d,839dbef4-61a1-49bb-8082-bb5eba6c7f0d,d530ae9b-1bd7-4f27-9799-bd3380587586,c2a6d937-03d7-4758-8b59-081f37dc8996,dab685d9-c124-4cee-a7d4-5873c3157447,c63e46cf-ba72-4683-a311-319c18356ecd,c7421950-05d8-426d-8ef7-5787b6bb4e02,c9b9087f-fadc-4bc1-8b36-b481665e5107,02fcfa17-03c7-421b-98b5-9f40f1f971cc
d5afd393-0515-4de2-85d7-80e505b249fd,77825645-c1a5-4c73-a76c-e56e840bc490,8181bd2f-3f33-4200-b9af-224a8b8dd537,b4ec2358-a6a0-4a3a-8c1e-1988b32b28a3,7a91a7da-ea18-4131-8d31-d2449bd0c8e5,9ee26459-dded-480f-99d8-6fae5708e1eb,c7421950-05d8-426d-8ef7-5787b6bb4e02,c9b9087f-fadc-4bc1-8b36-b481665e5107
0f52f0e1-51cb-4f3b-a0d6-c2c11e7beff9,cac5439e-658e-4a8b-8942-064c388101f8,a03cfd89-49b8-45c2-aac7-f9370732f525,178e4690-cab1-4b1d-bd1a-161b72bdaaf8,67083e98-2811-440f-bf06-075542ff24c1,f5b89ed5-e3bb-41a0-a258-7be3598081de,7c66b81e-ef1d-4c1a-8847-b92f8293466b,0f783417-d41e-496e-9291-d27cb30207d9,cef64bfd-7440-41cc-8863-bf06443726f2,c058069c-7c33-4eed-8c95-0e7366db0928,9d697062-0e78-41fd-8670-20f0eca805d3,8181bd2f-3f33-4200-b9af-224a8b8dd537,f6c71062-7773-4a87-98a2-a9550a9addc5,faff5e95-3c10-4d6c-8717-dcfe088dc2f6,a8d4d47a-0ed1-4ef8-9e31-fd52991c1eee,689d2091-4329-4455-ac70-67afb849b6d9,7154e35e-3f54-4bc3-a1a1-9335b63f18a9,1e5aff7d-157e-43d1-a7b2-60df14ba805a,443e67fa-6327-4738-8be4-7eb37cad3c59,9247635d-53f9-4231-a4ad-d386bee69f0f,3ee75667-9832-401f-975b-3a5b22ccc765,f3ebf7cf-4f94-4efa-a0af-654d50ba093b,c301d45a-90e9-4b4e-8cd0-1b04939e7bf5,1958e759-17f3-4434-8b56-6dc692b4c42f,669a960d-bb33-4d34-bb1a-ae8b101e5895
dc16135a-84d7-4814-a34a-e6839e561ae0,77825645-c1a5-4c73-a76c-e56e840bc490,aa0055c4-a695-4fc3-9d24-c11a8ab6684b,8969d77a-adc8-4f61-83ab-9289b1658249,da567a9b-442a-4ffc-9c7b-e905e10bcba4,689d2091-4329-4455-ac70-67afb849b6d9,7c66b81e-ef1d-4c1a-8847-b92f8293466b,d6f5c8a6-31bf-4f79-8091-379e7e2afcb9,7a91a7da-ea18-4131-8d31-d2449bd0c8e5,dab685d9-c124-4cee-a7d4-5873c3157447,e031ddb6-2c10-4b5a-ab82-2be9e0346321,c63e46cf-ba72-4683-a311-319c18356ecd,669a960d-bb33-4d34-bb1a-ae8b101e5895,c2a6d937-03d7-4758-8b59-081f37dc8996
a7b88e8b-fb57-47f1-97b2-50a8ceba62b5,a03cfd89-49b8-45c2-aac7-f9370732f525,2c78d28b-4aa0-4518-8134-81a5ea2a14b4,d11b0a93-c87e-405b-93ec-9fdd0bdb3b49,cbb5c524-8dc2-45ce-9d17-32504375889d,77825645-c1a5-4c73-a76c-e56e840bc490,cef64bfd-7440-41cc-8863-bf06443726f2,44722219-fbbd-4974-a6aa-dc17c87d967e,9ece6624-b4c6-4a14-819e-6ef1451c0a4e,5c437a4b-8f33-4dc3-8670-63952c149754,362748f3-ece7-4b70-8e5d-2025f5acae41,f5161b09-21b3-4604-aa1c-c06dc997b848,e4b97946-55e2-4003-a077-a5387f723b3a,b4ec2358-a6a0-4a3a-8c1e-1988b32b28a3
d27ba696-e09b-4a77-8228-e39d84c37326,67083e98-2811-440f-bf06-075542ff24c1,7c66b81e-ef1d-4c1a-8847-b92f8293466b,7f923c86-5a4b-4cac-87e0-6cc88cf27cea,0a5c264f-839f-4321-8155-0cc5d418aba5,9d697062-0e78-41fd-8670-20f0eca805d3,f3ebf7cf-4f94-4efa-a0af-654d50ba093b,0316dbd6-015f-46c0-9467-07f061e70007,e4b97946-55e2-4003-a077-a5387f723b3a
5d8f5783-40f2-49ec-a2c2-b1b36f94ce6e,0fe46aff-43ca-4ba7-a375-0c7068419ee5,e81f1297-373f-4df2-b754-0ca4e363c589,cbb5c524-8dc2-45ce-9d17-32504375889d,2aa4cdb6-6e9d-4c1e-9848-e5a5f7ccf26f,cef64bfd-7440-41cc-8863-bf06443726f2,edb0634a-7116-4780-9a25-a853631b69f8,7154e35e-3f54-4bc3-a1a1-9335b63f18a9,5e41341c-aa14-4347-83c9-9202addac97d,c413dcf8-bcc5-4e8c-85ef-6fea73ba4099,d530ae9b-1bd7-4f27-9799-bd3380587586,669a960d-bb33-4d34-bb1a-ae8b101e5895,c7421950-05d8-426d-8ef7-5787b6bb4e02
e573bbb8-285d-4cb9-af2b-836c6cbe3727,0b1c0b8e-951b-4ea2-9fbc-6d85bbb65d33,7fe1cc3b-5048-44dd-9274-fa296ac8c3c7,5e41341c-aa14-4347-83c9-9202addac97d,8181bd2f-3f33-4200-b9af-224a8b8dd537,08b72d2a-e528-4675-81e2-e0a13e8c0f0e,dab685d9-c124-4cee-a7d4-5873c3157447,7a91a7da-ea18-4131-8d31-d2449bd0c8e5
34e3fdd3-b9f1-4104-9843-7e7278bd82d8,cbb5c524-8dc2-45ce-9d17-32504375889d,77825645-c1a5-4c73-a76c-e56e840bc490,079965ba-8b88-4f7f-abec-5d75377298f3,07b903ce-154e-492f-9d3d-c1aaa7c2f460,5c437a4b-8f33-4dc3-8670-63952c149754,8181bd2f-3f33-4200-b9af-224a8b8dd537,a1e8c7cd-d21a-47bb-991c-dd8098c75134,8d810579-997c-497c-a80e-d6e37b48f081,5e41341c-aa14-4347-83c9-9202addac97d,7a3c27ff-463b-4982-8f2a-ec5ef498f477,9ee26459-dded-480f-99d8-6fae5708e1eb,02fcfa17-03c7-421b-98b5-9f40f1f971cc,c7421950-05d8-426d-8ef7-5787b6bb4e02,669a960d-bb33-4d34-bb1a-ae8b101e5895,d530ae9b-1bd7-4f27-9799-bd3380587586,c63e46cf-ba72-4683-a311-319c18356ecd,1958e759-17f3-4434-8b56-6dc692b4c42f
55a034ee-63ca-4a40-90e0-2648ef60f06e,ce04b72e-dd92-479a-ab7c-0177ae484f6f,9725bf47-fb9f-4c5b-b114-c4e456e40d93,da567a9b-442a-4ffc-9c7b-e905e10bcba4,b4ec2358-a6a0-4a3a-8c1e-1988b32b28a3,d6f5c8a6-31bf-4f79-8091-379e7e2afcb9
e2b047a8-5632-4e8d-ab94-5b58e2ddd3a7,c058069c-7c33-4eed-8c95-0e7366db0928,7a3c27ff-463b-4982-8f2a-ec5ef498f477,0e7b1fe6-002a-4cab-b07b-0d5ea92c1778,33fb1f35-bb05-4f68-ae69-2125b083a1b9,354ea76e-4f32-4f00-9e4c-ac3a5659af27,c2a6d937-03d7-4758-8b59-081f37dc8996,02fcfa17-03c7-421b-98b5-9f40f1f971cc,1958e759-17f3-4434-8b56-6dc692b4c42f,109a2766-580e-4cf9-9724-38dd25feedd2,e031ddb6-2c10-4b5a-ab82-2be9e0346321,669a960d-bb33-4d34-bb1a-ae8b101e5895,7a91a7da-ea18-4131-8d31-d2449bd0c8e5
e520c1b6-ae77-49a6-8526-42f838d30d22,e4b97946-55e2-4003-a077-a5387f723b3a,c63e46cf-ba72-4683-a311-319c18356ecd,669a960d-bb33-4d34-bb1a-ae8b101e5895,e031ddb6-2c10-4b5a-ab82-2be9e0346321,c7421950-05d8-426d-8ef7-5787b6bb4e02,c9b9087f-fadc-4bc1-8b36-b481665e5107
1e2ca5cf-c515-4922-afa3-c9b5b205ddb5,0e7b1fe6-002a-4cab-b07b-0d5ea92c1778,8181bd2f-3f33-4200-b9af-224a8b8dd537,77825645-c1a5-4c73-a76c-e56e840bc490,e4b97946-55e2-4003-a077-a5387f723b3a,a3f3197c-904b-40bd-9aed-33a3d2d9a1ab
f5ab5f13-93c8-4f61-8eed-243f79e38c76,02fb03a3-d8e9-4ec1-8c76-bac21219e6ba,77825645-c1a5-4c73-a76c-e56e840bc490,8307e49e-946c-4ee0-b04b-e80e37296fcc,689d2091-4329-4455-ac70-67afb849b6d9,9d697062-0e78-41fd-8670-20f0eca805d3,c301d45a-90e9-4b4e-8cd0-1b04939e7bf5,b4ec2358-a6a0-4a3a-8c1e-1988b32b28a3,dab685d9-c124-4cee-a7d4-5873c3157447,d530ae9b-1bd7-4f27-9799-bd3380587586
e8c01cd2-60a3-49a8-a933-a465a21603ec,079965ba-8b88-4f7f-abec-5d75377298f3,78502a34-e27f-41b6-8bc6-13c75103dcb5,7350af1a-8a53-4d4e-b9cd-f62671a4368d,5c437a4b-8f33-4dc3-8670-63952c149754,689d2091-4329-4455-ac70-67afb849b6d9,d530ae9b-1bd7-4f27-9799-bd3380587586,c9b9087f-fadc-4bc1-8b36-b481665e5107,109a2766-580e-4cf9-9724-38dd25feedd2
e0fe1f54-2f7e-4b9f-91d5-a6fa05781065,7123acc5-ad3d-49e8-8127-8a2284ca24a0,faff5e95-3c10-4d6c-8717-dcfe088dc2f6,c301d45a-90e9-4b4e-8cd0-1b04939e7bf5
8635864f-ab87-448c-9d87-01bf39d4d805,0fe46aff-43ca-4ba7-a375-0c7068419ee5,e81f1297-373f-4df2-b754-0ca4e363c589,e3d0291b-1463-4336-9cd2-d2102d98f6d9,689d2091-4329-4455-ac70-67afb849b6d9,5e41341c-aa14-4347-83c9-9202addac97d,669a960d-bb33-4d34-bb1a-ae8b101e5895,e031ddb6-2c10-4b5a-ab82-2be9e0346321,7a91a7da-ea18-4131-8d31-d2449bd0c8e5,c301d45a-90e9-4b4e-8cd0-1b04939e7bf5,c9b9087f-fadc-4bc1-8b36-b481665e5107,b4ec2358-a6a0-4a3a-8c1e-1988b32b28a3,c2a6d937-03d7-4758-8b59-081f37dc8996
62fd96f0-0530-4647-adb2-daf21ea05687,289c8ae0-6c2e-48bf-89a7-ab7f1f780a06,0e7b1fe6-002a-4cab-b07b-0d5ea92c1778,2c78d28b-4aa0-4518-8134-81a5ea2a14b4,178e4690-cab1-4b1d-bd1a-161b72bdaaf8,67083e98-2811-440f-bf06-075542ff24c1,cbb5c524-8dc2-45ce-9d17-32504375889d,307fb45b-81e5-4a07-b033-399b589e1153,7c66b81e-ef1d-4c1a-8847-b92f8293466b,77825645-c1a5-4c73-a76c-e56e840bc490,d7896727-5aa4-4e87-8076-f36112e8e0da,78502a34-e27f-41b6-8bc6-13c75103dcb5,729cf04e-8203-4001-a681-b6191d4011c8,34d0a0eb-6b28-4005-bcdc-e0b45dfba79e,839dbef4-61a1-49bb-8082-bb5eba6c7f0d,02fb03a3-d8e9-4ec1-8c76-bac21219e6ba,07b903ce-154e-492f-9d3d-c1aaa7c2f460,edb0634a-7116-4780-9a25-a853631b69f8,032900f9-6285-42e4-a664-bba64282417f,8181bd2f-3f33-4200-b9af-224a8b8dd537,c102c13f-a593-407e-90a3-cc198db7ddfb,5e41341c-aa14-4347-83c9-9202addac97d,c413dcf8-bcc5-4e8c-85ef-6fea73ba4099,44b53c27-9cec-4986-b0a8-4cd5da83e5e8,94de1448-4a95-4fef-b822-e6e7d8aa2fc8,d530ae9b-1bd7-4f27-9799-bd3380587586,c63e46cf-ba72-4683-a311-319c18356ecd,e031ddb6-2c10-4b5a-ab82-2be9e0346321,7a91a7da-ea18-4131-8d31-d2449bd0c8e5,1958e759-17f3-4434-8b56-6dc692b4c42f,c301d45a-90e9-4b4e-8cd0-1b04939e7bf5
b3dccf34-3e89-43bc-815d-0438b4a94436,d530ae9b-1bd7-4f27-9799-bd3380587586,669a960d-bb33-4d34-bb1a-ae8b101e5895
a08c4dd3-ce6f-472b-94b5-c9d027e3b599,71fda932-b61e-413d-81c1-5861d628de15,dab685d9-c124-4cee-a7d4-5873c3157447,c63e46cf-ba72-4683-a311-319c18356ecd,109a2766-580e-4cf9-9724-38dd25feedd2
c61985a2-1999-441f-ae08-f1380ab375a8,214178a5-7dcd-4dea-8049-5b18f24b52b8,7c66b81e-ef1d-4c1a-8847-b92f8293466b,edb0634a-7116-4780-9a25-a853631b69f8,9d697062-0e78-41fd-8670-20f0eca805d3,da567a9b-442a-4ffc-9c7b-e905e10bcba4,7154e35e-3f54-4bc3-a1a1-9335b63f18a9,689d2091-4329-4455-ac70-67afb849b6d9,cbd00363-0ae0-477f-8c8e-3be787dff703,e4b97946-55e2-4003-a077-a5387f723b3a,0316dbd6-015f-46c0-9467-07f061e70007,bb075707-bf11-4c40-bd35-c4bff30e9885,5562f96a-b31b-4491-a22d-4f83cf2fafb9,7a91a7da-ea18-4131-8d31-d2449bd0c8e5
b0bd5669-5e0d-4494-adf2-4ec440591851,e4b97946-55e2-4003-a077-a5387f723b3a,178e4690-cab1-4b1d-bd1a-161b72bdaaf8,a03cfd89-49b8-45c2-aac7-f9370732f525,da567a9b-442a-4ffc-9c7b-e905e10bcba4,c7421950-05d8-426d-8ef7-5787b6bb4e02,669a960d-bb33-4d34-bb1a-ae8b101e5895,1958e759-17f3-4434-8b56-6dc692b4c42f,c301d45a-90e9-4b4e-8cd0-1b04939e7bf5,109a2766-580e-4cf9-9724-38dd25feedd2,9ee26459-dded-480f-99d8-6fae5708e1eb,c9b9087f-fadc-4bc1-8b36-b481665e5107
125c6e28-4080-4f07-9541-79faac6156ca,ce04b72e-dd92-479a-ab7c-0177ae484f6f
e7211dff-8467-4738-aa22-f7d035bff8b4,cac5439e-658e-4a8b-8942-064c388101f8,e7efd4f8-31f3-44f0-8874-12519f39547c,178e4690-cab1-4b1d-bd1a-161b72bdaaf8,77825645-c1a5-4c73-a76c-e56e840bc490,d7896727-5aa4-4e87-8076-f36112e8e0da,cef64bfd-7440-41cc-8863-bf06443726f2,8181bd2f-3f33-4200-b9af-224a8b8dd537,b39af341-40d3-4a55-bb59-a5dcc4aa3563,362748f3-ece7-4b70-8e5d-2025f5acae41,9e6a4af1-f65f-40ff-8eff-886536e8ca51,8d810579-997c-497c-a80e-d6e37b48f081,e4b97946-55e2-4003-a077-a5387f723b3a
42fd09d3-e608-4fb3-bc4b-a34570e13036,5e41341c-aa14-4347-83c9-9202addac97d,c9b9087f-fadc-4bc1-8b36-b481665e5107,669a960d-bb33-4d34-bb1a-ae8b101e5895,02fcfa17-03c7-421b-98b5-9f40f1f971cc
d6086c39-44f6-4e99-8a58-649c6f8aa2fa,8181bd2f-3f33-4200-b9af-224a8b8dd537,0e7b1fe6-002a-4cab-b07b-0d5ea92c1778,67083e98-2811-440f-bf06-075542ff24c1,08b72d2a-e528-4675-81e2-e0a13e8c0f0e,bb075707-bf11-4c40-bd35-c4bff30e9885,25c84fa4-bac7-495b-a467-bed7a5455ef1,a3f3197c-904b-40bd-9aed-33a3d2d9a1ab
dbb268b9-659e-4c13-9598-4340a5bbf8bd,d54bbb0c-609a-483c-adf9-f10f1f07411a,cac5439e-658e-4a8b-8942-064c388101f8,d11b0a93-c87e-405b-93ec-9fdd0bdb3b49,77825645-c1a5-4c73-a76c-e56e840bc490,df205946-1c32-48e8-a8d9-f6cabc914f93,78502a34-e27f-41b6-8bc6-13c75103dcb5,cef64bfd-7440-41cc-8863-bf06443726f2,07b903ce-154e-492f-9d3d-c1aaa7c2f460,8181bd2f-3f33-4200-b9af-224a8b8dd537,e3d0291b-1463-4336-9cd2-d2102d98f6d9,8307e49e-946c-4ee0-b04b-e80e37296fcc,9247635d-53f9-4231-a4ad-d386bee69f0f,08b72d2a-e528-4675-81e2-e0a13e8c0f0e,362748f3-ece7-4b70-8e5d-2025f5acae41,e031ddb6-2c10-4b5a-ab82-2be9e0346321,669a960d-bb33-4d34-bb1a-ae8b101e5895
42e9ae35-fddb-46ad-a933-96fdc45368a2,08b72d2a-e528-4675-81e2-e0a13e8c0f0e,c7421950-05d8-426d-8ef7-5787b6bb4e02,e031ddb6-2c10-4b5a-ab82-2be9e0346321,02fcfa17-03c7-421b-98b5-9f40f1f971cc,d6f5c8a6-31bf-4f79-8091-379e7e2afcb9,c63e46cf-ba72-4683-a311-319c18356ecd,7a91a7da-ea18-4131-8d31-d2449bd0c8e5
a754b116-9c4d-4cd0-8e21-f2b4c01bb1ea,5e41341c-aa14-4347-83c9-9202addac97d,443e67fa-6327-4738-8be4-7eb37cad3c59,258c3280-a89c-4e3c-b911-7e558b09f96e,109a2766-580e-4cf9-9724-38dd25feedd2,e031ddb6-2c10-4b5a-ab82-2be9e0346321,669a960d-bb33-4d34-bb1a-ae8b101e5895,d530ae9b-1bd7-4f27-9799-bd3380587586,c7421950-05d8-426d-8ef7-5787b6bb4e02,02fcfa17-03c7-421b-98b5-9f40f1f971cc,c2a6d937-03d7-4758-8b59-081f37dc8996
a7364cc7-b1d6-42ab-8b1c-b7d94716a058,0e7b1fe6-002a-4cab-b07b-0d5ea92c1778,67083e98-2811-440f-bf06-075542ff24c1,e81f1297-373f-4df2-b754-0ca4e363c589,093bb670-6a58-4b08-a40b-8f666b96978b,2aa4cdb6-6e9d-4c1e-9848-e5a5f7ccf26f,0f783417-d41e-496e-9291-d27cb30207d9,7fe1cc3b-5048-44dd-9274-fa296ac8c3c7,5c437a4b-8f33-4dc3-8670-63952c149754,f3743902-06c1-4c09-a3f0-d1240c093919,8181bd2f-3f33-4200-b9af-224a8b8dd537,689d2091-4329-4455-ac70-67afb849b6d9,e4b97946-55e2-4003-a077-a5387f723b3a,994cf771-60af-4885-8e54-faca52b029f4,5e41341c-aa14-4347-83c9-9202addac97d,08b72d2a-e528-4675-81e2-e0a13e8c0f0e,8307e49e-946c-4ee0-b04b-e80e37296fcc,e3d0291b-1463-4336-9cd2-d2102d98f6d9
91ebe7a9-ad9e-42aa-9888-0f5fd604a68b,0e7b1fe6-002a-4cab-b07b-0d5ea92c1778,7c66b81e-ef1d-4c1a-8847-b92f8293466b,77825645-c1a5-4c73-a76c-e56e840bc490,2aa4cdb6-6e9d-4c1e-9848-e5a5f7ccf26f,df205946-1c32-48e8-a8d9-f6cabc914f93,839dbef4-61a1-49bb-8082-bb5eba6c7f0d,02fb03a3-d8e9-4ec1-8c76-bac21219e6ba,07b903ce-154e-492f-9d3d-c1aaa7c2f460,9ece6624-b4c6-4a14-819e-6ef1451c0a4e,032900f9-6285-42e4-a664-bba64282417f,c058069c-7c33-4eed-8c95-0e7366db0928,8181bd2f-3f33-4200-b9af-224a8b8dd537,5e41341c-aa14-4347-83c9-9202addac97d,44b53c27-9cec-4986-b0a8-4cd5da83e5e8,f3ebf7cf-4f94-4efa-a0af-654d50ba093b,c9b9087f-fadc-4bc1-8b36-b481665e5107,1958e759-17f3-4434-8b56-6dc692b4c42f,9ee26459-dded-480f-99d8-6fae5708e1eb,c301d45a-90e9-4b4e-8cd0-1b04939e7bf5,b4ec2358-a6a0-4a3a-8c1e-1988b32b28a3
2b0d348d-19d4-4466-9fb6-610a483c1bc8,689d2091-4329-4455-ac70-67afb849b6d9,7d808b9c-c5d1-4ec5-b951-4d248160f503,cbb5c524-8dc2-45ce-9d17-32504375889d,ecdcb4fc-df03-4753-adde-0e6088fd67f9,77825645-c1a5-4c73-a76c-e56e840bc490,c9b9087f-fadc-4bc1-8b36-b481665e5107,b4ec2358-a6a0-4a3a-8c1e-1988b32b28a3
57bf3fea-462a-4a81-a4a5-b7257dca209a,e4b97946-55e2-4003-a077-a5387f723b3a,bb075707-bf11-4c40-bd35-c4bff30e9885,a03cfd89-49b8-45c2-aac7-f9370732f525,02fcfa17-03c7-421b-98b5-9f40f1f971cc,e031ddb6-2c10-4b5a-ab82-2be9e0346321,c2a6d937-03d7-4758-8b59-081f37dc8996,1958e759-17f3-4434-8b56-6dc692b4c42f,d6f5c8a6-31bf-4f79-8091-379e7e2afcb9,d530ae9b-1bd7-4f27-9799-bd3380587586,c7421950-05d8-426d-8ef7-5787b6bb4e02
794adf83-0df4-42f3-9127-5003665ae1f1,7c66b81e-ef1d-4c1a-8847-b92f8293466b,7350af1a-8a53-4d4e-b9cd-f62671a4368d,0316dbd6-015f-46c0-9467-07f061e70007,bb075707-bf11-4c40-bd35-c4bff30e9885
5322541b-7e38-43b8-952c-c0c86ebfecf9,44722219-fbbd-4974-a6aa-dc17c87d967e,f4d76ba2-5c6a-4516-b488-1234a2755660,4736da51-895e-43ca-a17d-42c892708bee,c301d45a-90e9-4b4e-8cd0-1b04939e7bf5,669a960d-bb33-4d34-bb1a-ae8b101e5895
4524a7af-a1dd-4bc4-98c5-b66f739da5d1,7a3c27ff-463b-4982-8f2a-ec5ef498f477,08b72d2a-e528-4675-81e2-e0a13e8c0f0e,8181bd2f-3f33-4200-b9af-224a8b8dd537,02fcfa17-03c7-421b-98b5-9f40f1f971cc,669a960d-bb33-4d34-bb1a-ae8b101e5895,e031ddb6-2c10-4b5a-ab82-2be9e0346321,7a91a7da-ea18-4131-8d31-d2449bd0c8e5
b08884d6-2adf-450d-bef8-e6e2f55a9aa4,120eb6ac-df37-430d-b019-72d108272dc7,2aa4cdb6-6e9d-4c1e-9848-e5a5f7ccf26f,07b903ce-154e-492f-9d3d-c1aaa7c2f460,edb0634a-7116-4780-9a25-a853631b69f8,33fb1f35-bb05-4f68-ae69-2125b083a1b9,d530ae9b-1bd7-4f27-9799-bd3380587586,c63e46cf-ba72-4683-a311-319c18356ecd,02fcfa17-03c7-421b-98b5-9f40f1f971cc,c9b9087f-fadc-4bc1-8b36-b481665e5107,669a960d-bb33-4d34-bb1a-ae8b101e5895,9ee26459-dded-480f-99d8-6fae5708e1eb
fc79a257-041b-4476-b90a-430e4b9389cd,44f4f47e-5208-4f81-bdfe-e89a606b29b1,9247635d-53f9-4231-a4ad-d386bee69f0f,02fcfa17-03c7-421b-98b5-9f40f1f971cc,9ee26459-dded-480f-99d8-6fae5708e1eb,c301d45a-90e9-4b4e-8cd0-1b04939e7bf5,e031ddb6-2c10-4b5a-ab82-2be9e0346321